name,ra,dec
eFEDSJ083356.3-010113,128.48506,-1.0203
eFEDSJ091333.6-004250,138.39022,-0.71412
eFEDSJ090446.0+020843,136.19187,2.14549
eFEDSJ083811.8-015934,129.54981,-1.99299
eFEDSJ092851.8+041629,142.21585,4.27498
eFEDSJ090820.9+045058,137.08723,4.84979
eFEDSJ093520.9+023234,143.83738,2.54295
eFEDSJ090915.8+035442,137.3161,3.91185
eFEDSJ083911.2-020229,129.79697,-2.04152
eFEDSJ092002.1+010219,140.00909,1.03891
eFEDSJ093000.2-014514,142.50121,-1.75394
eFEDSJ092725.1+024348,141.85488,2.73018
eFEDSJ093639.2+033636,144.16347,3.61012
eFEDSJ083651.3+030002,129.21377,3.00073
eFEDSJ092723.5-014121,141.84841,-1.68932
eFEDSJ092023.2+013444,140.09676,1.57896
eFEDSJ083003.8+013446,127.51614,1.57954
eFEDSJ085643.1-020803,134.17993,-2.13446
eFEDSJ092458.0-012613,141.24224,-1.43705
eFEDSJ090539.2+012510,136.41378,1.41956
eFEDSJ085430.2-005702,133.62606,-0.95077
eFEDSJ091709.1+034935,139.28809,3.82671
eFEDSJ090543.6+043349,136.43157,4.56382
eFEDSJ091452.5+041552,138.71862,4.26465
eFEDSJ085200.3+022932,133.00129,2.49249
eFEDSJ090624.6+005756,136.60262,0.96561
eFEDSJ092943.2+004127,142.43038,0.69104
eFEDSJ085633.8+033450,134.14097,3.58073
eFEDSJ090746.6+014627,136.94459,1.77442
eFEDSJ091757.1-013242,139.48853,-1.54526
eFEDSJ084044.7+040356,130.18649,4.06594
eFEDSJ082934.1-003310,127.39266,-0.55285
eFEDSJ084014.6-022711,130.06118,-2.45313
eFEDSJ090006.3+021536,135.02639,2.26029
eFEDSJ083710.6+025046,129.29425,2.84631
eFEDSJ091157.4+014327,137.9896,1.72444
eFEDSJ092921.7+040040,142.34069,4.01133
eFEDSJ084232.1-000615,130.63417,-0.10428
eFEDSJ091856.2+032124,139.73428,3.3568
eFEDSJ090257.5+000909,135.73989,0.15254
eFEDSJ084106.7+031205,130.27791,3.20153
eFEDSJ083016.3-000945,127.56826,-0.16275
eFEDSJ085825.0+003107,134.60466,0.51871
eFEDSJ091227.6-000915,138.1152,-0.15435
eFEDSJ091248.5+031321,138.20226,3.22274
eFEDSJ090552.2+025932,136.46779,2.99249
eFEDSJ091255.8-004008,138.23301,-0.66915
eFEDSJ084702.7+013000,131.76148,1.50021
eFEDSJ083515.0+011942,128.8129,1.32843
eFEDSJ092329.0+041223,140.87112,4.20654
eFEDSJ090342.1+005307,135.92565,0.88548
eFEDSJ084222.9+001000,130.59572,0.16681
eFEDSJ090913.8-001214,137.30799,-0.204
eFEDSJ091358.1+025707,138.49237,2.95215
eFEDSJ093057.4-013213,142.73964,-1.53706
eFEDSJ092011.4-002249,140.0478,-0.38042
eFEDSJ090059.3+035925,135.24702,3.99059
eFEDSJ092846.7-013558,142.19504,-1.59971
eFEDSJ090540.6+030716,136.41948,3.12137
eFEDSJ091747.2+024102,139.4468,2.68405
eFEDSJ084259.9+001320,130.74996,0.22243
eFEDSJ084531.6+022831,131.38181,2.4754
eFEDSJ085213.1+002817,133.05505,0.47161
eFEDSJ083409.7+035901,128.54057,3.98395
eFEDSJ093611.0+050201,144.04583,5.0339
eFEDSJ085522.1+015202,133.84225,1.86731
eFEDSJ085311.3+002012,133.29757,0.33678
eFEDSJ092124.3+013834,140.35145,1.64293
eFEDSJ085453.8+003421,133.72451,0.57267
eFEDSJ090022.8-010407,135.09552,-1.06879
eFEDSJ093410.5+025635,143.54374,2.94319
eFEDSJ083533.9-015059,128.89182,-1.84989
eFEDSJ091247.5-010325,138.19832,-1.05708
eFEDSJ093030.3+025852,142.6262,2.98127
eFEDSJ085035.2-011207,132.64703,-1.20218
eFEDSJ090229.3+032305,135.62212,3.38504
eFEDSJ091140.8+020514,137.92007,2.08735
eFEDSJ091757.6-002845,139.49022,-0.4794
eFEDSJ091105.7-013751,137.77416,-1.6309
eFEDSJ091641.7+024249,139.17383,2.71396
eFEDSJ091747.3+033714,139.44733,3.62079
eFEDSJ090348.4+013111,135.95172,1.52
eFEDSJ092915.7-001357,142.31596,-0.23265
eFEDSJ085410.3-022236,133.54325,-2.37697
eFEDSJ093945.3+034453,144.93897,3.74828
eFEDSJ092956.3+014843,142.48478,1.81227
eFEDSJ093023.9+005814,142.59996,0.97087
eFEDSJ084404.5-012345,131.01919,-1.3961
eFEDSJ083523.6+000153,128.84857,0.03157
eFEDSJ093431.3-002309,143.63059,-0.38597
eFEDSJ084135.0+010150,130.3959,1.03061
eFEDSJ090605.5-000413,136.52311,-0.07028
eFEDSJ084744.2+020645,131.93438,2.11266
eFEDSJ093703.2+015249,144.26343,1.88036
eFEDSJ090544.2+015004,136.43441,1.8347
eFEDSJ085446.0-003350,133.69201,-0.56403
eFEDSJ092035.9+002330,140.14981,0.39197
eFEDSJ093409.9+020828,143.54138,2.14133
eFEDSJ092747.4+035412,141.94778,3.90354
eFEDSJ090004.8+000333,135.02028,0.05941
eFEDSJ091114.1+042233,137.80876,4.37604
eFEDSJ091718.5+000353,139.3273,0.06481
eFEDSJ090503.7+041501,136.26558,4.25049
eFEDSJ091934.6+033941,139.89423,3.66164
eFEDSJ085311.8+022721,133.29927,2.45616
eFEDSJ085411.3-001925,133.54727,-0.32361
eFEDSJ091113.5-020746,137.80675,-2.12949
eFEDSJ092129.0-010342,140.37127,-1.06187
eFEDSJ090859.7-005306,137.24913,-0.88527
eFEDSJ082945.9-013957,127.44169,-1.66612
eFEDSJ092629.3+032614,141.62239,3.43746
eFEDSJ092142.8+010423,140.42864,1.0733
eFEDSJ091610.0+004524,139.04206,0.75685
eFEDSJ090327.7+030700,135.86562,3.117
eFEDSJ092821.3-020324,142.08937,-2.05689
eFEDSJ083903.4+043457,129.76428,4.58265
eFEDSJ084623.0-012217,131.59605,-1.37147
eFEDSJ091027.4-004427,137.61469,-0.74091
eFEDSJ084130.6+032140,130.37777,3.36144
eFEDSJ085807.7+003429,134.53233,0.57477
eFEDSJ084427.2+013425,131.11373,1.5739
eFEDSJ083318.3+014127,128.32646,1.69102
eFEDSJ092246.0+034224,140.69199,3.70678
eFEDSJ090710.6+012812,136.79448,1.47015
eFEDSJ085625.4-021228,134.10646,-2.20789
eFEDSJ084822.7+022317,132.09484,2.38831
eFEDSJ084347.5+025232,130.94802,2.87565
eFEDSJ084339.1+011104,130.91315,1.18472
eFEDSJ091845.4-011136,139.68945,-1.19342
eFEDSJ083916.0+035935,129.81656,3.99344
eFEDSJ091830.1-010632,139.626,-1.10917
eFEDSJ084842.9+034613,132.17881,3.77055
eFEDSJ084026.4+000008,130.11035,0.00231
eFEDSJ083836.1-015150,129.65083,-1.86402
eFEDSJ085443.6+004821,133.68214,0.80589
eFEDSJ083242.3-013217,128.1765,-1.53826
eFEDSJ090037.5+042304,135.15633,4.38469
eFEDSJ085933.5-000901,134.89009,-0.15032
eFEDSJ084700.7+003717,131.75323,0.62152
eFEDSJ083611.1-021958,129.04673,-2.33287
eFEDSJ090244.4+045210,135.68507,4.86978
eFEDSJ084637.9-000902,131.65811,-0.15061
eFEDSJ090834.4+045520,137.1435,4.92247
eFEDSJ084842.0+010653,132.17511,1.11504
eFEDSJ092640.4+051549,141.66844,5.2639
eFEDSJ093556.5-010821,143.98581,-1.13938
eFEDSJ083205.3+031157,128.02218,3.19927
eFEDSJ091915.8+022040,139.81619,2.34461
eFEDSJ093208.5+023716,143.03562,2.62144
eFEDSJ091624.2+030348,139.10079,3.06369
eFEDSJ090226.9+044309,135.61229,4.71944
eFEDSJ083319.2+012635,128.33022,1.44323
eFEDSJ092133.5+020358,140.38971,2.06621
eFEDSJ085032.0-000158,132.63374,-0.03281
eFEDSJ092404.3-000704,141.01809,-0.11781
eFEDSJ093132.3+011851,142.88478,1.31443
eFEDSJ091209.6-000954,138.04027,-0.16519
eFEDSJ084321.7-010256,130.84102,-1.04894
eFEDSJ085025.0+001229,132.60469,0.20817
eFEDSJ090153.2+003538,135.47177,0.5942
eFEDSJ083754.6+050746,129.47746,5.1297
eFEDSJ085834.2+004955,134.64276,0.83219
eFEDSJ092236.4-002431,140.65202,-0.4087
eFEDSJ093410.7+001429,143.54504,0.2415
eFEDSJ085536.8+045321,133.90322,4.88934
eFEDSJ091433.8+022718,138.6411,2.45512
eFEDSJ084448.8+010822,131.20359,1.1396
eFEDSJ091410.7+015409,138.54484,1.90272
eFEDSJ091146.6-010005,137.94466,-1.00156
eFEDSJ084339.4-015111,130.91455,-1.85321
eFEDSJ091107.4-020724,137.78131,-2.12362
eFEDSJ084955.2+005307,132.48034,0.88542
eFEDSJ085326.3-021152,133.35999,-2.19807
eFEDSJ091422.9-003312,138.59578,-0.55356
eFEDSJ082843.7+004544,127.1823,0.76227
eFEDSJ085343.1-004310,133.42984,-0.71955
eFEDSJ090840.6+025355,137.16952,2.89888
eFEDSJ085251.4+024439,133.21415,2.74428
eFEDSJ092735.3+024804,141.89741,2.80135
eFEDSJ084044.6+000307,130.18613,0.052
eFEDSJ093138.2+031509,142.90936,3.25281
eFEDSJ092948.9-015633,142.45409,-1.94278
eFEDSJ083418.3+002142,128.57667,0.36179
eFEDSJ090540.8+030308,136.42002,3.05251
eFEDSJ083853.4-003754,129.7229,-0.63187
eFEDSJ091645.6+010014,139.19034,1.00407
eFEDSJ083954.9+025148,129.97904,2.86364
eFEDSJ093032.6+001501,142.636,0.25045
eFEDSJ093323.1-001053,143.34649,-0.18164
eFEDSJ090021.2-005917,135.08869,-0.98814
eFEDSJ084051.4-004533,130.21475,-0.75917
eFEDSJ084240.5-020315,130.66939,-2.05443
eFEDSJ090611.9+031206,136.54979,3.20192
eFEDSJ090939.3+035448,137.41377,3.91368
eFEDSJ085816.3-003258,134.56846,-0.54962
eFEDSJ085335.9+021650,133.39978,2.2809
eFEDSJ091056.8-014547,137.73716,-1.76333
eFEDSJ084727.9+011458,131.86667,1.2496
eFEDSJ092645.9-011727,141.69165,-1.29089
eFEDSJ092554.2+035041,141.47608,3.84501
eFEDSJ082628.7-012300,126.62013,-1.38335
eFEDSJ090811.6-014811,137.04888,-1.80324
eFEDSJ093758.2+022235,144.49277,2.37651
eFEDSJ082722.1-010555,126.84264,-1.09876
eFEDSJ085805.0+010906,134.52096,1.15172
eFEDSJ090436.8-014652,136.15362,-1.78115
eFEDSJ084929.5+052914,132.37304,5.48739
eFEDSJ092155.9+002818,140.48314,0.47172
eFEDSJ090753.4+042511,136.97255,4.4201
eFEDSJ091329.8-003050,138.37437,-0.5141
eFEDSJ090024.3+035544,135.10136,3.92918
eFEDSJ093649.9+012025,144.20803,1.34059
eFEDSJ090150.6+003056,135.46105,0.51573
eFEDSJ093924.7+034308,144.8531,3.71918
eFEDSJ084831.9+033539,132.13283,3.59435
eFEDSJ085523.5-015714,133.84827,-1.95401
eFEDSJ091050.1+022453,137.70901,2.41495
eFEDSJ083645.4+023759,129.18945,2.63315
eFEDSJ083648.2+051310,129.20095,5.21977
eFEDSJ090937.8-002754,137.40802,-0.46525
eFEDSJ090805.6+044234,137.02333,4.70977
eFEDSJ083348.4+010008,128.45182,1.00244
eFEDSJ093921.3+043333,144.83898,4.55957
eFEDSJ083704.2+000819,129.26763,0.13871
eFEDSJ090931.0-011229,137.37966,-1.20818
eFEDSJ085036.9-003541,132.65422,-0.59489
eFEDSJ083532.8+040647,128.8869,4.1134
eFEDSJ092258.2+032041,140.7425,3.34499
eFEDSJ091432.4-015828,138.63565,-1.9745
eFEDSJ093234.4+010515,143.14354,1.08758
eFEDSJ084434.3+031026,131.14292,3.174
eFEDSJ083044.7-013326,127.68676,-1.5573
eFEDSJ091358.8+000320,138.49523,0.05573
eFEDSJ083835.6+015756,129.64872,1.96586
eFEDSJ084840.1-003447,132.16729,-0.57999
eFEDSJ084323.9+020126,130.84964,2.02417
eFEDSJ092817.3+013041,142.07244,1.51156
eFEDSJ092449.7+030228,141.2071,3.0413
eFEDSJ083501.3+022325,128.75547,2.39036
eFEDSJ093155.0+051125,142.97922,5.19045
eFEDSJ084722.2+025326,131.84258,2.89087
eFEDSJ090511.7+014913,136.29909,1.82049
eFEDSJ084011.7+051333,130.04871,5.22613
eFEDSJ093911.5+034356,144.79801,3.73244
eFEDSJ083112.4+015649,127.80194,1.94706
eFEDSJ085036.0-001524,132.65015,-0.25677
eFEDSJ093054.6+033228,142.72773,3.54125
eFEDSJ093740.2+033044,144.41762,3.51246
eFEDSJ090156.3+035417,135.48464,3.90491
eFEDSJ085828.7+000124,134.61988,0.02336
eFEDSJ083248.0+034133,128.20024,3.69266
eFEDSJ083729.3+044419,129.37232,4.73874
eFEDSJ084643.5+020054,131.68155,2.01534
eFEDSJ084352.5-005332,130.969,-0.89238
eFEDSJ085950.6-024136,134.96145,-2.6935
eFEDSJ090004.9+033848,135.02044,3.64695
eFEDSJ084102.1+044734,130.25897,4.79314
eFEDSJ092417.7+025756,141.07397,2.96576
eFEDSJ092327.6+043152,140.86524,4.53131
eFEDSJ084020.4+025519,130.08516,2.92219
eFEDSJ093616.3-000351,144.06844,-0.06416
eFEDSJ091512.2+051431,138.80074,5.24235
eFEDSJ093644.7+050928,144.18642,5.15819
eFEDSJ083120.1+015130,127.83416,1.85853
eFEDSJ093520.2+014102,143.8345,1.68413
eFEDSJ083004.4+015428,127.51863,1.90804
eFEDSJ090332.3+023008,135.88478,2.5025
eFEDSJ092328.4+034509,140.86851,3.75277
eFEDSJ083359.0+020418,128.49608,2.07194
eFEDSJ090548.9+041010,136.45373,4.16963
eFEDSJ084046.7-014400,130.19492,-1.73357
eFEDSJ083211.8+050900,128.04919,5.15033
eFEDSJ090308.8+031101,135.7866,3.18392
eFEDSJ094036.3+033435,145.15128,3.57656
eFEDSJ091535.4+013847,138.89789,1.64667
eFEDSJ092312.0+000355,140.80043,0.06553
eFEDSJ082900.7+001456,127.25307,0.24904
eFEDSJ085618.0+010641,134.07507,1.11148
eFEDSJ092524.7-005857,141.35342,-0.98275
eFEDSJ090416.4+011339,136.06876,1.22766
eFEDSJ083307.5+050909,128.28142,5.15283
eFEDSJ083916.4+045532,129.81824,4.92596
eFEDSJ092747.3-015505,141.94738,-1.9183
eFEDSJ093141.0+023614,142.9209,2.60418
eFEDSJ091334.1+003612,138.39243,0.6035
eFEDSJ090235.6-003156,135.64863,-0.53241
eFEDSJ085935.3-004856,134.89739,-0.81562
eFEDSJ092357.3+051042,140.98877,5.17868
eFEDSJ090805.9+011952,137.02505,1.33144
eFEDSJ091203.8+000656,138.01604,0.1156
eFEDSJ085709.7+030305,134.29042,3.05164
eFEDSJ093227.5+033118,143.1146,3.52205
eFEDSJ090401.0+012732,136.00438,1.45901
eFEDSJ083257.6-010635,128.24052,-1.10997
eFEDSJ083852.5+012358,129.71889,1.39953
eFEDSJ085438.1+031626,133.65887,3.27402
eFEDSJ091906.2-002650,139.77618,-0.44727
eFEDSJ091218.6-000359,138.07784,-0.06647
eFEDSJ085644.6+030956,134.18597,3.16579
eFEDSJ091910.4+030039,139.79368,3.01114
eFEDSJ093042.0+012133,142.6754,1.35922
eFEDSJ083002.7-003540,127.51172,-0.59472
eFEDSJ091744.5+035143,139.43566,3.86217
eFEDSJ084512.9-004318,131.30411,-0.72174
eFEDSJ090211.2-001343,135.54712,-0.22879
eFEDSJ092920.1-012426,142.3341,-1.40736
eFEDSJ090347.9-001709,135.94992,-0.28606
eFEDSJ085217.7+054027,133.07362,5.6744
eFEDSJ092503.2-015925,141.26392,-1.99046
eFEDSJ090237.2+010135,135.65517,1.0267
eFEDSJ092023.1+001639,140.09676,0.27771
eFEDSJ093406.0+041935,143.52511,4.32665
eFEDSJ084905.3+021435,132.27229,2.24334
eFEDSJ083009.6-012520,127.54059,-1.4225
eFEDSJ092811.1+024122,142.04643,2.68977
eFEDSJ093601.6+015012,144.00671,1.83674
eFEDSJ083149.6+022252,127.95667,2.38141
eFEDSJ083321.5-001620,128.34,-0.27239
eFEDSJ085343.8-021617,133.43288,-2.27146
eFEDSJ085534.1+013402,133.89234,1.56736
eFEDSJ092915.2+002427,142.31365,0.40768
eFEDSJ092336.2+003047,140.90133,0.51326
eFEDSJ093506.7-003052,143.77841,-0.5146
eFEDSJ091355.0+010847,138.47948,1.1465
eFEDSJ085821.7+033142,134.59049,3.52855
eFEDSJ083637.3-000155,129.15592,-0.03193
eFEDSJ091612.4+005128,139.05203,0.85808
eFEDSJ092310.7+010332,140.79495,1.05919
eFEDSJ090350.9-011125,135.96251,-1.1905
eFEDSJ083738.1+005107,129.40899,0.85206
eFEDSJ084840.0-001259,132.16693,-0.2164
eFEDSJ083936.2+011218,129.9011,1.20526
eFEDSJ085529.0+001329,133.87107,0.22486
eFEDSJ083239.5+022438,128.16457,2.41082
eFEDSJ084425.7-010415,131.10743,-1.07105
eFEDSJ085231.0+021348,133.12953,2.23031
eFEDSJ093042.4-010055,142.67711,-1.01546
eFEDSJ090627.3+005249,136.61407,0.88042
eFEDSJ093909.7+032558,144.79052,3.43289
eFEDSJ085608.9+002546,134.03736,0.42972
eFEDSJ090158.4+003727,135.49354,0.62427
eFEDSJ084024.1-000932,130.10084,-0.15902
eFEDSJ090859.4+002724,137.248,0.45671
eFEDSJ083833.6-013037,129.64034,-1.5104
eFEDSJ084735.8+034158,131.89911,3.69956
eFEDSJ090117.0+051514,135.3208,5.25405
eFEDSJ083938.8+034942,129.91158,3.82845
eFEDSJ093617.7+011115,144.0742,1.18763
eFEDSJ093039.7+011147,142.66561,1.19663
eFEDSJ085915.2+010228,134.8138,1.04118
eFEDSJ090155.2-003336,135.48054,-0.56009
eFEDSJ093635.9+021503,144.14993,2.25091
eFEDSJ084216.8+015040,130.57039,1.84478
eFEDSJ093053.9+004634,142.72497,0.77617
eFEDSJ093425.3+001459,143.60554,0.24992
eFEDSJ085132.1-010432,132.88399,-1.07576
eFEDSJ082628.9-013022,126.62097,-1.5064
eFEDSJ083222.1-004203,128.09237,-0.70101
eFEDSJ085040.8-002341,132.67027,-0.39473
eFEDSJ091238.9+033609,138.16233,3.60262
eFEDSJ093715.6+020518,144.31541,2.08857
eFEDSJ091743.0+020207,139.4294,2.03541
eFEDSJ085254.6+042122,133.22755,4.35644
eFEDSJ092715.4+044713,141.81422,4.78728
eFEDSJ093211.9+004738,143.05005,0.79419
eFEDSJ084428.5+014818,131.11881,1.80514
eFEDSJ091140.6+010310,137.91936,1.05284
eFEDSJ083249.9+031737,128.20809,3.29398
eFEDSJ085747.1-001159,134.44647,-0.19985
eFEDSJ091854.1-000610,139.72564,-0.10295
eFEDSJ091917.8+035323,139.82408,3.88998
eFEDSJ092335.0-002923,140.89629,-0.48984
eFEDSJ093429.4+022430,143.62256,2.40844
eFEDSJ090232.5+010013,135.63585,1.00369
eFEDSJ090014.0+024717,135.05867,2.78829
eFEDSJ090234.1-002119,135.64246,-0.35545
eFEDSJ092801.2+043256,142.00511,4.54914
eFEDSJ093828.3+041703,144.61813,4.28442
eFEDSJ084213.1+021412,130.55493,2.23678
eFEDSJ092644.0+012817,141.68343,1.47156
eFEDSJ083818.2-000239,129.57598,-0.04432
eFEDSJ092550.7+010511,141.46139,1.08644
eFEDSJ090458.8+035938,136.24508,3.99421
eFEDSJ091457.6+022511,138.73999,2.41981
eFEDSJ083636.4+043644,129.15176,4.6126
eFEDSJ083447.1-001830,128.69675,-0.30851
eFEDSJ085721.5+035835,134.33963,3.97656
eFEDSJ084041.8+032002,130.17417,3.33414
eFEDSJ085835.5+041416,134.64799,4.23811
eFEDSJ084656.5-012616,131.73576,-1.43801
eFEDSJ083227.4+003904,128.1146,0.65123
eFEDSJ085215.9-015513,133.06658,-1.92053
eFEDSJ082918.9+000008,127.32923,0.00235
eFEDSJ084857.4-013938,132.23976,-1.66076
eFEDSJ083212.0-005921,128.05051,-0.98936
eFEDSJ085115.9+001014,132.81661,0.17076
eFEDSJ092951.5-000319,142.46511,-0.05533
eFEDSJ083052.3-013740,127.71834,-1.62793
eFEDSJ091219.1-003544,138.07995,-0.59561
eFEDSJ084158.7-022336,130.4952,-2.39339
eFEDSJ084145.9+032425,130.44132,3.40709
eFEDSJ091357.4+015719,138.48927,1.95555
eFEDSJ082848.5+003809,127.2022,0.63612
eFEDSJ093514.6+013215,143.81092,1.5376
eFEDSJ084537.0+002751,131.40464,0.4644
eFEDSJ091759.9+003449,139.49988,0.5805
eFEDSJ092453.5+013418,141.22329,1.57192
eFEDSJ093015.6+014059,142.56526,1.68315
eFEDSJ085811.7-022748,134.54926,-2.46364
eFEDSJ084455.0+001849,131.22945,0.31371
eFEDSJ084104.0-013632,130.26717,-1.60901
eFEDSJ093628.8+043646,144.12024,4.61291
eFEDSJ083427.0-015612,128.61312,-1.93696
eFEDSJ090654.4-012031,136.72692,-1.34206
eFEDSJ084301.5+041245,130.75649,4.21271
eFEDSJ091703.6+012848,139.26541,1.48012
eFEDSJ092148.1+013359,140.4507,1.56663
eFEDSJ083247.3+001339,128.19744,0.22767
eFEDSJ090808.7+003457,137.0367,0.5827
eFEDSJ085647.8-002219,134.1994,-0.37206
eFEDSJ093441.1+004349,143.6714,0.73034
eFEDSJ090209.6-012958,135.54046,-1.4996
eFEDSJ090628.5-012748,136.61918,-1.4634
eFEDSJ091604.2+050335,139.01756,5.05989
eFEDSJ091132.7-010443,137.88679,-1.07864
eFEDSJ091155.9+033759,137.98301,3.63333
eFEDSJ092802.0+055005,142.00846,5.83498
eFEDSJ084502.9-004921,131.26261,-0.82265
eFEDSJ090931.7+021501,137.38209,2.25049
eFEDSJ091951.2+005903,139.96358,0.98422
eFEDSJ083547.6-014725,128.94874,-1.79036
eFEDSJ084630.7+024702,131.62804,2.78402
eFEDSJ085900.0+042156,134.74995,4.36568
eFEDSJ090328.5+040728,135.86883,4.12463
eFEDSJ083948.1-012219,129.95087,-1.37206
eFEDSJ091502.3+043102,138.75978,4.51748
eFEDSJ090104.0+020528,135.26675,2.09127
eFEDSJ085206.9-010243,133.02898,-1.04535
eFEDSJ091554.5-000729,138.97753,-0.12489
eFEDSJ085842.5-002746,134.67753,-0.46304
eFEDSJ090428.5+003311,136.11899,0.55332
eFEDSJ090458.3+001303,136.24343,0.21771
eFEDSJ083405.5+022403,128.52318,2.40092
eFEDSJ084917.9-002007,132.32498,-0.33545
eFEDSJ090342.4+000958,135.92693,0.16637
eFEDSJ092936.9+021907,142.40377,2.31883
eFEDSJ085515.7+033627,133.81573,3.60788
eFEDSJ084358.0+022213,130.99204,2.37041
eFEDSJ083432.8-013417,128.63699,-1.57153
eFEDSJ085451.9+010259,133.71633,1.04997
eFEDSJ085706.2+031912,134.27588,3.32022
eFEDSJ092330.9+003122,140.87897,0.52304
eFEDSJ084903.3+025639,132.26382,2.94441
eFEDSJ092634.8-002605,141.64538,-0.43494
eFEDSJ084819.5-010259,132.08184,-1.04992
eFEDSJ093813.9+050121,144.55798,5.02264
eFEDSJ084241.3-002928,130.67264,-0.49131
eFEDSJ093833.0+025017,144.63775,2.83826
eFEDSJ091111.4+035622,137.79747,3.93965
eFEDSJ083611.5+025247,129.04813,2.88004
eFEDSJ093525.6-013646,143.85722,-1.61305
eFEDSJ082845.8+003940,127.19124,0.66127
eFEDSJ090119.1-000756,135.32972,-0.13223
eFEDSJ092254.7+040036,140.72789,4.01035
eFEDSJ085743.2-000418,134.43036,-0.07178
eFEDSJ093250.1-020534,143.20916,-2.0929
eFEDSJ091417.0+025518,138.57108,2.92181
eFEDSJ092349.1+000304,140.95485,0.05135
eFEDSJ093007.5+031842,142.5312,3.3118
eFEDSJ085338.1+033248,133.40871,3.54699
eFEDSJ093040.0+003359,142.66684,0.56648
eFEDSJ092348.2+014733,140.95093,1.7928
eFEDSJ093728.6+013519,144.36929,1.58883
eFEDSJ090655.8+001444,136.73286,0.24578
eFEDSJ090906.7-002227,137.27811,-0.37428
eFEDSJ093926.0+011712,144.85855,1.28696
eFEDSJ083429.0-013303,128.62138,-1.55086
eFEDSJ090623.5+024017,136.59801,2.67154
eFEDSJ084431.8+020214,131.13253,2.03755
eFEDSJ091434.3+031550,138.64286,3.26406
eFEDSJ092516.5+043335,141.31896,4.55995
eFEDSJ085418.3-003611,133.5766,-0.60318
eFEDSJ092541.4-002249,141.42291,-0.38043
eFEDSJ084950.9+023508,132.4624,2.58583
eFEDSJ085340.3-002340,133.41825,-0.3947
eFEDSJ091436.3-020511,138.65161,-2.08666
eFEDSJ084328.2+042117,130.86777,4.35507
eFEDSJ091718.2+001211,139.32615,0.20327
eFEDSJ093331.7-014007,143.38257,-1.66874
eFEDSJ090455.9-004446,136.23311,-0.74624
eFEDSJ084837.2+032637,132.15492,3.44397
eFEDSJ090754.9-015416,136.97913,-1.9045
eFEDSJ085555.6+035555,133.98169,3.93223
eFEDSJ085653.3-015027,134.22249,-1.84099
eFEDSJ092753.5+051920,141.97289,5.32259
eFEDSJ083314.4+020421,128.31018,2.07263
eFEDSJ084606.5+040816,131.52719,4.13793
eFEDSJ093251.6+012231,143.21524,1.37555
eFEDSJ091451.0+000851,138.71296,0.14759
eFEDSJ090834.8-010234,137.14548,-1.04298
eFEDSJ090844.7+015937,137.18638,1.99374
eFEDSJ084331.8-014224,130.88313,-1.70696
eFEDSJ091711.4+040048,139.29752,4.01363
eFEDSJ090740.4+030347,136.91862,3.06333
eFEDSJ093447.6+021513,143.69839,2.25373
eFEDSJ093226.7+003657,143.11147,0.616
eFEDSJ085818.3+033534,134.57654,3.593
eFEDSJ093154.2-022631,142.97635,-2.44211
eFEDSJ094131.8+035050,145.38262,3.84756
eFEDSJ083756.1+033457,129.48407,3.58277
eFEDSJ092110.3+031922,140.29287,3.32297
eFEDSJ090507.3+025913,136.28057,2.98716
eFEDSJ085509.6-005107,133.79046,-0.85209
eFEDSJ090612.1-003630,136.55089,-0.60848
eFEDSJ083503.1+020222,128.76308,2.03966
eFEDSJ090849.3-010348,137.20574,-1.06356
eFEDSJ085857.4+022615,134.73941,2.43764
eFEDSJ092213.7+013432,140.55749,1.57573
eFEDSJ091628.1-000508,139.11734,-0.08559
eFEDSJ085355.6-015537,133.48199,-1.92715
eFEDSJ091620.2-024431,139.08451,-2.74203
eFEDSJ084308.7+014301,130.78636,1.71722
eFEDSJ090049.8-023054,135.20781,-2.51509
eFEDSJ093802.0+032714,144.50865,3.45406
eFEDSJ092627.0+004446,141.61272,0.74628
eFEDSJ093728.5+022556,144.36899,2.43235
eFEDSJ093005.6+030414,142.52343,3.07076
eFEDSJ092818.1+023126,142.07545,2.52416
eFEDSJ083702.2+052619,129.25908,5.43902
eFEDSJ083220.4+030531,128.08517,3.09231
eFEDSJ085422.7+002527,133.59475,0.42447
eFEDSJ083526.5+041421,128.86048,4.23947
eFEDSJ093609.9+050343,144.04122,5.0621
eFEDSJ085825.5+021424,134.6064,2.2403
eFEDSJ092946.6-004250,142.44447,-0.71412
eFEDSJ084517.8+010502,131.32424,1.08409
eFEDSJ083440.6+022340,128.66946,2.39464
eFEDSJ084254.0+041438,130.72528,4.24408
eFEDSJ093334.3+033230,143.39299,3.54188
eFEDSJ083229.5-005416,128.12321,-0.90471
eFEDSJ084613.1+040032,131.55464,4.00913
eFEDSJ085146.1+010414,132.94228,1.07066
eFEDSJ092249.2-010935,140.70554,-1.15994
eFEDSJ092819.7+054208,142.08205,5.70253
eFEDSJ093040.0-020319,142.66733,-2.05553
eFEDSJ085710.1-021341,134.29243,-2.22811
eFEDSJ091803.7+020324,139.51555,2.05694
eFEDSJ084951.1+044055,132.46287,4.68212
eFEDSJ085338.5-005732,133.41076,-0.95905
eFEDSJ092445.2+041717,141.18839,4.28818
eFEDSJ093330.7+030154,143.37809,3.03191
eFEDSJ085406.4-013727,133.52715,-1.62432
eFEDSJ091754.4+033910,139.47697,3.65296
eFEDSJ084509.3+045020,131.28871,4.83926
eFEDSJ083249.1+033134,128.20459,3.52623
eFEDSJ084457.7+040224,131.24058,4.04032
eFEDSJ093339.7-014844,143.41602,-1.81236
eFEDSJ085709.7-021527,134.29092,-2.25774
eFEDSJ083237.6+042025,128.15667,4.34042
eFEDSJ083135.0+030910,127.89596,3.15288
eFEDSJ083055.9+022254,127.73316,2.38197
eFEDSJ084617.4+015633,131.57284,1.94278
eFEDSJ083005.6-000159,127.52358,-0.03307
eFEDSJ083452.5-005654,128.71924,-0.94835
eFEDSJ083536.2+030808,128.90082,3.13569
eFEDSJ085819.8+014939,134.58279,1.82777
eFEDSJ083322.6+012134,128.3445,1.35964
eFEDSJ092620.8+015834,141.58694,1.97645
eFEDSJ083817.5+035107,129.57305,3.85214
eFEDSJ085611.9-023347,134.0499,-2.56311
eFEDSJ090016.7+011028,135.06966,1.17471
eFEDSJ093305.8-010911,143.27455,-1.1532
eFEDSJ084710.7+022435,131.79473,2.41001
eFEDSJ093152.6+010511,142.96932,1.0865
eFEDSJ082928.6+001817,127.36968,0.30481
eFEDSJ090039.0+013141,135.16267,1.52812
eFEDSJ091342.5+033123,138.42709,3.52327
eFEDSJ092513.8+033620,141.30782,3.60591
eFEDSJ083934.3-012545,129.89339,-1.4293
eFEDSJ090547.0-002708,136.44603,-0.45235
eFEDSJ085742.6+044338,134.42741,4.72742
eFEDSJ085353.8-001336,133.47465,-0.22687
eFEDSJ091757.3+023732,139.48897,2.62583
eFEDSJ093057.3+034028,142.73906,3.67473
eFEDSJ091649.9+041752,139.20813,4.29802
eFEDSJ091227.1+031636,138.11302,3.27687
eFEDSJ090019.6+002703,135.08181,0.45091
eFEDSJ092404.1-015504,141.01762,-1.91788
eFEDSJ085608.7+031624,134.03659,3.27358
eFEDSJ094215.6+043619,145.56511,4.60559
eFEDSJ093317.7+010827,143.32407,1.14102
eFEDSJ091836.5+012518,139.65228,1.42187
eFEDSJ084805.2-002232,132.0222,-0.37567
eFEDSJ082825.6+004003,127.10708,0.66762
eFEDSJ085054.9+032944,132.72873,3.49568
eFEDSJ091154.8-021405,137.97897,-2.23498
eFEDSJ085336.5-000615,133.40226,-0.10439
eFEDSJ083839.5+023346,129.66466,2.56305
eFEDSJ083304.5+002531,128.26915,0.42551
eFEDSJ083700.4+020047,129.25183,2.01332
eFEDSJ093311.7-002858,143.29922,-0.48298
eFEDSJ085832.2+041521,134.63438,4.25616
eFEDSJ093514.7+010921,143.8116,1.1561
eFEDSJ084955.4+025346,132.48096,2.8962
eFEDSJ092203.5-004442,140.51492,-0.74513
eFEDSJ093541.6+030011,143.92344,3.00332
eFEDSJ085529.3+053954,133.872,5.66539
eFEDSJ085714.9-023557,134.31273,-2.59926
eFEDSJ090746.4+003435,136.94371,0.57662
eFEDSJ085305.7+005007,133.27415,0.83542
eFEDSJ093337.8+010259,143.40763,1.04999
eFEDSJ090432.3+021215,136.13486,2.20424
eFEDSJ090952.4-015135,137.46874,-1.85998
eFEDSJ083631.7-020602,129.13258,-2.10079
eFEDSJ092638.9-002153,141.66236,-0.36493
eFEDSJ093622.5+043116,144.09363,4.52132
eFEDSJ085254.0+020221,133.22526,2.03949
eFEDSJ091923.6+030639,139.84839,3.11112
eFEDSJ084031.9+021358,130.13322,2.23285
eFEDSJ093322.0-023135,143.34214,-2.52644
eFEDSJ092208.5+030520,140.53538,3.08925
eFEDSJ085555.1+002014,133.97984,0.33741
eFEDSJ083145.6+040138,127.94005,4.02737
eFEDSJ085809.4+030801,134.53946,3.13398
eFEDSJ084250.1+041228,130.70893,4.20814
eFEDSJ091427.7+010730,138.61565,1.12508
eFEDSJ083818.8-004646,129.57883,-0.77962
eFEDSJ090218.3+032051,135.57652,3.34772
eFEDSJ084402.1+050402,131.00865,5.06746
eFEDSJ084239.8+004050,130.66598,0.6807
eFEDSJ083847.7+001932,129.69916,0.32559
eFEDSJ084820.7-003134,132.08648,-0.52614
eFEDSJ085312.0-015709,133.30049,-1.9528
eFEDSJ085249.3-010906,133.20577,-1.15188
